,rank,상품명,원가,판매가,이미지,상품링크,할인율
0,194,[다샵]벽걸이 스탠드 에어컨커버 제습기/선풍기커버,26900,6500,http://image.gmarket.co.kr/challenge/neo_image/no_image.gif,http://item2.gmarket.co.kr/Item/DetailView/Item.aspx?goodscode=509405582,75.84
1,139,[아망떼]순면100%모닝벨 매트리스커버/이불커버/침대패드,33000,8900,http://image.gmarket.co.kr/challenge/neo_image/no_image.gif,http://item2.gmarket.co.kr/Item/DetailView/Item.aspx?goodscode=734171059,73.03
2,165,쁘띠뮤/신학기 아동정장 원피스 레깅스 트레이닝,33000,9900,http://image.gmarket.co.kr/challenge/neo_image/no_image.gif,http://item2.gmarket.co.kr/Item/DetailView/Item.aspx?goodscode=946176130,70.0
3,59,[젤리스푼]아동복/봄신상오픈/상하복/티셔츠/레깅스/팬츠/점퍼,43000,12900,http://image.gmarket.co.kr/challenge/neo_image/no_image.gif,http://item2.gmarket.co.kr/Item/DetailView/Item.aspx?goodscode=399488337,70.0
4,121,[디즈니]디즈니 아동 캐릭터 실내화 슬리퍼 학생 덧신 샌들,23000,6900,http://image.gmarket.co.kr/challenge/neo_image/no_image.gif,http://item2.gmarket.co.kr/Item/DetailView/Item.aspx?goodscode=225612324,70.0
5,62,[팬콧키즈]팬콧 도티잠뜰 신학기 봄 실내화 슬리퍼,23000,6900,http://image.gmarket.co.kr/challenge/neo_image/no_image.gif,http://item2.gmarket.co.kr/Item/DetailView/Item.aspx?goodscode=856094381,70.0
6,188,국산 유아.아동.주니어 내의/내복/실내복/잠옷/신상,23000,6900,http://image.gmarket.co.kr/challenge/neo_image/no_image.gif,http://item2.gmarket.co.kr/Item/DetailView/Item.aspx?goodscode=127255824,70.0
7,189,봄신상 원피스 레깅스 기모최종가 슈퍼특가 아동복,23000,6900,http://image.gmarket.co.kr/challenge/neo_image/no_image.gif,http://item2.gmarket.co.kr/Item/DetailView/Item.aspx?goodscode=385777290,70.0
8,124,[머스트비]케네스콜/YK038/바닐라비 단독기획 트렌치/자켓/야상,133000,39900,http://image.gmarket.co.kr/challenge/neo_image/no_image.gif,http://item2.gmarket.co.kr/Item/DetailView/Item.aspx?goodscode=1262006305,70.0
9,111,[릴리푸리]여아의류/봄신상/릴리푸리/원피스/레깅스/치렝스,33000,9900,http://image.gmarket.co.kr/challenge/neo_image/no_image.gif,http://item2.gmarket.co.kr/Item/DetailView/Item.aspx?goodscode=746916620,70.0
10,71,삠뽀요/봄신상 원피스9900원 베이비 우주복 돌복,33000,9900,http://image.gmarket.co.kr/challenge/neo_image/no_image.gif,http://item2.gmarket.co.kr/Item/DetailView/Item.aspx?goodscode=900637906,70.0
11,58,리바이스키즈 여름티셔츠/반팔/반바지/연휴특가,35000,10500,http://image.gmarket.co.kr/challenge/neo_image/no_image.gif,http://item2.gmarket.co.kr/Item/DetailView/Item.aspx?goodscode=1139276022,70.0
12,96,[에이비플러스]ab.plus 겨울클리어런스에서 미리보는 봄 아이템,76300,22900,http://image.gmarket.co.kr/challenge/neo_image/no_image.gif,http://item2.gmarket.co.kr/Item/DetailView/Item.aspx?goodscode=1148299669,69.99
13,152,제이나나 20% 쿠폰 전옵션 1+1 봄신상 스카프/트윌리,33300,10000,http://image.gmarket.co.kr/challenge/neo_image/no_image.gif,http://item2.gmarket.co.kr/Item/DetailView/Item.aspx?goodscode=734522645,69.97
14,15,힐슈빌 신상 슬립온 통굽 키높이 스니커즈 운동화커플,32600,9800,http://image.gmarket.co.kr/challenge/neo_image/no_image.gif,http://item2.gmarket.co.kr/Item/DetailView/Item.aspx?goodscode=653680064,69.94
15,77,봄신상 여성가방/지갑/카드지갑/에코백,16300,4900,http://image.gmarket.co.kr/challenge/neo_image/no_image.gif,http://item2.gmarket.co.kr/Item/DetailView/Item.aspx?goodscode=769058722,69.94
16,105,[빈스걸]봄신상~빅사이즈 XL~99까지 롱박스 원피스 티셔츠,42900,12900,http://image.gmarket.co.kr/challenge/neo_image/no_image.gif,http://item2.gmarket.co.kr/Item/DetailView/Item.aspx?goodscode=485094178,69.93
17,39,[디프니]20%쿠폰 디프니 봄신상~셔츠/블라우스/원피스,42900,12900,http://image.gmarket.co.kr/challenge/neo_image/no_image.gif,http://item2.gmarket.co.kr/Item/DetailView/Item.aspx?goodscode=181478878,69.93
18,30,[디프니]20%쿠폰 디프니 봄신상~롱티셔츠/맨투맨,42900,12900,http://image.gmarket.co.kr/challenge/neo_image/no_image.gif,http://item2.gmarket.co.kr/Item/DetailView/Item.aspx?goodscode=189607991,69.93
19,159,컨버스키즈 봄신상 입고완료 신학기 50종SALE,59500,17900,http://image.gmarket.co.kr/challenge/neo_image/no_image.gif,http://item2.gmarket.co.kr/Item/DetailView/Item.aspx?goodscode=924210343,69.92
20,182,슈가펀/여성/원피스/블라우스/맨투맨/가디건/티셔츠,32900,9900,http://image.gmarket.co.kr/challenge/neo_image/no_image.gif,http://item2.gmarket.co.kr/Item/DetailView/Item.aspx?goodscode=910210700,69.91
21,80,더다다/신상맨투맨/후드/빅사이즈/롱티/원피스/레깅스,32900,9900,http://image.gmarket.co.kr/challenge/neo_image/no_image.gif,http://item2.gmarket.co.kr/Item/DetailView/Item.aspx?goodscode=627247117,69.91
22,146,봄신상업뎃/롱원피스/니트/맨투맨/롱티/블라우스,32900,9900,http://image.gmarket.co.kr/challenge/neo_image/no_image.gif,http://item2.gmarket.co.kr/Item/DetailView/Item.aspx?goodscode=904107371,69.91
23,36,[단군]G봄신상셔츠/남성셔츠/남자긴팔/체크남방/헨리넥셔츠,32900,9900,http://image.gmarket.co.kr/challenge/neo_image/no_image.gif,http://item2.gmarket.co.kr/Item/DetailView/Item.aspx?goodscode=912935274,69.91
24,4,[에코룸]특가 핸드스핀 회전걸레 밀대걸레 물걸레청소기 밀대,32900,9900,http://gdimg.gmarket.co.kr/1153444861/still/300,http://item2.gmarket.co.kr/Item/DetailView/Item.aspx?goodscode=1153444861,69.91
25,78,봄신상여자스키니/일자/빅사이즈/배기/블랙진/청바지,32900,9900,http://image.gmarket.co.kr/challenge/neo_image/no_image.gif,http://item2.gmarket.co.kr/Item/DetailView/Item.aspx?goodscode=165003300,69.91
26,64,[다온샵]봄신상 핵이득 청바지 3XL 여자스키니진/슬랙스/팬츠,32900,9900,http://image.gmarket.co.kr/challenge/neo_image/no_image.gif,http://item2.gmarket.co.kr/Item/DetailView/Item.aspx?goodscode=373058782,69.91
27,103,스위트바니 봄신상 5900원부터~ 롱티/맨투맨/후드,32900,9900,http://image.gmarket.co.kr/challenge/neo_image/no_image.gif,http://item2.gmarket.co.kr/Item/DetailView/Item.aspx?goodscode=215673140,69.91
28,21,비엘르 봄신상 9900원~ 원피스/블라우스/니트/자켓,32900,9900,http://image.gmarket.co.kr/challenge/neo_image/no_image.gif,http://item2.gmarket.co.kr/Item/DetailView/Item.aspx?goodscode=1151115632,69.91
29,178,마츠 봄신상 니트/가디건 롱/조끼/원피스/여성니트,32900,9900,http://image.gmarket.co.kr/challenge/neo_image/no_image.gif,http://item2.gmarket.co.kr/Item/DetailView/Item.aspx?goodscode=868469393,69.91
30,154,달리샵/스커트/봄신상/쉬폰/플리츠/레이스/캉캉,32900,9900,http://image.gmarket.co.kr/challenge/neo_image/no_image.gif,http://item2.gmarket.co.kr/Item/DetailView/Item.aspx?goodscode=598114110,69.91
31,10,유스타일팜/봄신상추가/밴딩팬츠/기모/본딩/청바지,32900,9900,http://image.gmarket.co.kr/challenge/neo_image/no_image.gif,http://item2.gmarket.co.kr/Item/DetailView/Item.aspx?goodscode=869490518,69.91
32,113,체리온 봄신상 박스 롱티셔츠/라운드/맨투맨/후드,32900,9900,http://image.gmarket.co.kr/challenge/neo_image/no_image.gif,http://item2.gmarket.co.kr/Item/DetailView/Item.aspx?goodscode=628153284,69.91
33,19,츄아 데님남방 체크 스트라이프블라우스 루즈핏롱셔츠,19600,5900,http://image.gmarket.co.kr/challenge/neo_image/no_image.gif,http://item2.gmarket.co.kr/Item/DetailView/Item.aspx?goodscode=1253060973,69.9
34,69,[비버리힐스폴로클럽]1매3400원/드로즈/사각/팬티/남성/남자/세트/면/속옷,25900,7800,http://image.gmarket.co.kr/challenge/neo_image/no_image.gif,http://item2.gmarket.co.kr/Item/DetailView/Item.aspx?goodscode=166590234,69.88
35,52,로드스타/신상 후리스 플리스자켓 목폴라 빅사이즈,22900,6900,http://image.gmarket.co.kr/challenge/neo_image/no_image.gif,http://item2.gmarket.co.kr/Item/DetailView/Item.aspx?goodscode=940562104,69.87
36,94,[비비안]비비안외주니어브라팬티/학생브라/속옷/런닝/위생,26200,7900,http://image.gmarket.co.kr/challenge/neo_image/no_image.gif,http://item2.gmarket.co.kr/Item/DetailView/Item.aspx?goodscode=177571721,69.85
37,150,로드스타/무지티/나그랑/V넥/긴팔/기본티/흰티/면티,10600,3200,http://image.gmarket.co.kr/challenge/neo_image/no_image.gif,http://item2.gmarket.co.kr/Item/DetailView/Item.aspx?goodscode=958365226,69.81
38,196,+신상 맨투맨+ 빅사이즈77-99 후드티 롱티 기모 집업,65900,19900,http://image.gmarket.co.kr/challenge/neo_image/no_image.gif,http://item2.gmarket.co.kr/Item/DetailView/Item.aspx?goodscode=359365383,69.8
39,27,판.매.1위 봄 신상 엔틱 드롭귀걸이 은침 롱 링 큐빅,12900,3900,http://image.gmarket.co.kr/challenge/neo_image/no_image.gif,http://item2.gmarket.co.kr/Item/DetailView/Item.aspx?goodscode=630959840,69.77
40,42,클릭앤미 봄신상 스커트/와이드팬츠/레이스,19500,5900,http://image.gmarket.co.kr/challenge/neo_image/no_image.gif,http://item2.gmarket.co.kr/Item/DetailView/Item.aspx?goodscode=685767591,69.74
41,117,봄신상 원피스44~110빅사이즈 루즈핏 플라워 쉬폰 롱,58800,17800,http://image.gmarket.co.kr/challenge/neo_image/no_image.gif,http://item2.gmarket.co.kr/Item/DetailView/Item.aspx?goodscode=798416412,69.73
42,198,[더에비타]봄신상 데일리핸드백+폼폼이증정,39300,11900,http://image.gmarket.co.kr/challenge/neo_image/no_image.gif,http://item2.gmarket.co.kr/Item/DetailView/Item.aspx?goodscode=189734842,69.72
43,31,[요즘에]20%쿠폰/신상특가/청바지/슬랙스/빅사이즈,33000,10000,http://image.gmarket.co.kr/challenge/neo_image/no_image.gif,http://item2.gmarket.co.kr/Item/DetailView/Item.aspx?goodscode=189842449,69.7
44,149,[요즘에]20%쿠폰/중독진출시/청바지/스키니/슬랙스/빅사이즈,33000,10000,http://image.gmarket.co.kr/challenge/neo_image/no_image.gif,http://item2.gmarket.co.kr/Item/DetailView/Item.aspx?goodscode=336411659,69.7
45,32,단골언니 봄 신상 여성 로퍼/플랫/단화/옥스포드,48800,14800,http://image.gmarket.co.kr/challenge/neo_image/no_image.gif,http://item2.gmarket.co.kr/Item/DetailView/Item.aspx?goodscode=502014918,69.67
46,163,아디다스/나이키/리복 후드/맨투맨/자켓/패딩,115000,34900,http://image.gmarket.co.kr/challenge/neo_image/no_image.gif,http://item2.gmarket.co.kr/Item/DetailView/Item.aspx?goodscode=1172914391,69.65
47,92,[에이블린]20%쿠폰 봄신상 롱티셔츠/맨투맨/원피스/빅사이즈,35900,10900,http://image.gmarket.co.kr/challenge/neo_image/no_image.gif,http://item2.gmarket.co.kr/Item/DetailView/Item.aspx?goodscode=835696924,69.64
48,115,[아미]New 봄신상/니트/조끼/원피스/레이어드룩/루즈핏,35900,10900,http://image.gmarket.co.kr/challenge/neo_image/no_image.gif,http://item2.gmarket.co.kr/Item/DetailView/Item.aspx?goodscode=265921298,69.64
49,91,키즈레시피/신학기/데님팬츠/면팬츠/15호까지,26000,7900,http://image.gmarket.co.kr/challenge/neo_image/no_image.gif,http://item2.gmarket.co.kr/Item/DetailView/Item.aspx?goodscode=779156302,69.62
50,6,바브키즈 봄신상 상하복 국내생산,26000,7900,http://gdimg.gmarket.co.kr/806338693/still/300,http://item2.gmarket.co.kr/Item/DetailView/Item.aspx?goodscode=806338693,69.62
51,82,G마켓x올리고진 ~110 빅사이즈 히든밴딩 데님팬츠,48900,14900,http://image.gmarket.co.kr/challenge/neo_image/no_image.gif,http://item2.gmarket.co.kr/Item/DetailView/Item.aspx?goodscode=1119466889,69.53
52,79,[비버리힐스폴로클럽]드로즈 1매 3400원 /사각/팬티/남성/남자/세트/속옷,25600,7800,http://image.gmarket.co.kr/challenge/neo_image/no_image.gif,http://item2.gmarket.co.kr/Item/DetailView/Item.aspx?goodscode=796287323,69.53
53,93,봄신상청바지/남자/슬림일자/빅사이즈/밴드/면바지,48900,14900,http://image.gmarket.co.kr/challenge/neo_image/no_image.gif,http://item2.gmarket.co.kr/Item/DetailView/Item.aspx?goodscode=125749989,69.53
54,14,박경호 통곡물한끼선식 5박스(50포) + 쉐이커1증정,91500,27900,http://image.gmarket.co.kr/challenge/neo_image/no_image.gif,http://item2.gmarket.co.kr/Item/DetailView/Item.aspx?goodscode=498158466,69.51
55,127,파란/브라팬티세트 ABCD컵추가금NO/빅사이즈/여성속옷,25900,7900,http://image.gmarket.co.kr/challenge/neo_image/no_image.gif,http://item2.gmarket.co.kr/Item/DetailView/Item.aspx?goodscode=1114973997,69.5
56,137,바닐라쿠브라팬티세트/ABCD컵/여성속옷/왕뽕/빅사이즈,25900,7900,http://image.gmarket.co.kr/challenge/neo_image/no_image.gif,http://item2.gmarket.co.kr/Item/DetailView/Item.aspx?goodscode=679086901,69.5
57,101,주니코 기모맨투맨/기모스웨터/롱후드티/겨울여성의류,25900,7900,http://image.gmarket.co.kr/challenge/neo_image/no_image.gif,http://item2.gmarket.co.kr/Item/DetailView/Item.aspx?goodscode=891727915,69.5
58,164,글램공감/브라1+팬티2세트/ABCD컵/속옷/왕뽕/빅사이즈,25900,7900,http://image.gmarket.co.kr/challenge/neo_image/no_image.gif,http://item2.gmarket.co.kr/Item/DetailView/Item.aspx?goodscode=787562120,69.5
59,33,브라썸/브라팬티세트 ABCD추가금NO/빅사이즈/여성속옷,25900,7900,http://image.gmarket.co.kr/challenge/neo_image/no_image.gif,http://item2.gmarket.co.kr/Item/DetailView/Item.aspx?goodscode=960753074,69.5
60,0,푸마바디웨어 푸마 드로즈/브라/팬티/동내의 택일,25900,7900,http://gdimg.gmarket.co.kr/1163080944/still/300,http://item2.gmarket.co.kr/Item/DetailView/Item.aspx?goodscode=1163080944,69.5
61,50,(업타운홀릭) 봄신상 돋보이는 간절기룩,64900,19800,http://image.gmarket.co.kr/challenge/neo_image/no_image.gif,http://item2.gmarket.co.kr/Item/DetailView/Item.aspx?goodscode=398201204,69.49
62,187,슈프림정품맨투맨.후드티.반팔티.트레이닝바지.세트,38900,11900,http://image.gmarket.co.kr/challenge/neo_image/no_image.gif,http://item2.gmarket.co.kr/Item/DetailView/Item.aspx?goodscode=805459425,69.41
63,140,[디프니]20%쿠폰 디프니 봄신상~큐티원피스/블라우스/프릴,38900,11900,http://image.gmarket.co.kr/challenge/neo_image/no_image.gif,http://item2.gmarket.co.kr/Item/DetailView/Item.aspx?goodscode=180245891,69.41
64,122,[글램브라]A~C컵으로 사기브라 노와이어 브라 팬티 여성속옷세트,24500,7500,http://image.gmarket.co.kr/challenge/neo_image/no_image.gif,http://item2.gmarket.co.kr/Item/DetailView/Item.aspx?goodscode=920123613,69.39
65,106,14K골드핀 한정특가 로즈골드 롱귀걸이 링귀걸이,25800,7900,http://image.gmarket.co.kr/challenge/neo_image/no_image.gif,http://item2.gmarket.co.kr/Item/DetailView/Item.aspx?goodscode=767588368,69.38
66,87,봄신상 남자청바지/빅사이즈/일자/스판옷/면바지/행사,41800,12800,http://image.gmarket.co.kr/challenge/neo_image/no_image.gif,http://item2.gmarket.co.kr/Item/DetailView/Item.aspx?goodscode=528849355,69.38
67,55,[첨이첨이]아동팬티5매4900원특가/유아/런닝/순면/속옷/무료배송,32000,9800,http://image.gmarket.co.kr/challenge/neo_image/no_image.gif,http://item2.gmarket.co.kr/Item/DetailView/Item.aspx?goodscode=159518443,69.38
68,142,젤리키즈 봄상품 출시 남아배기 맨투맨 아동복,29000,8900,http://image.gmarket.co.kr/challenge/neo_image/no_image.gif,http://item2.gmarket.co.kr/Item/DetailView/Item.aspx?goodscode=166866548,69.31
69,2,통영산 통통 활가리비 2KG / 단 하루 특가 마감임박,29000,8900,http://gdimg.gmarket.co.kr/433472486/still/300,http://item2.gmarket.co.kr/Item/DetailView/Item.aspx?goodscode=433472486,69.31
70,98,20%쿠폰 대박난박양 3XL 봄신상 자켓 오피스룩,65000,20000,http://image.gmarket.co.kr/challenge/neo_image/no_image.gif,http://item2.gmarket.co.kr/Item/DetailView/Item.aspx?goodscode=860892660,69.23
71,112,[난닝구]간절기코디맨투맨/니트/팬츠(5만원이상 무배),54900,16900,http://image.gmarket.co.kr/challenge/neo_image/no_image.gif,http://item2.gmarket.co.kr/Item/DetailView/Item.aspx?goodscode=607466490,69.22
72,147,[제이스맘](설특가) 여아구두 여아힐 아동화 아동구두 아동신발,32000,9900,http://image.gmarket.co.kr/challenge/neo_image/no_image.gif,http://item2.gmarket.co.kr/Item/DetailView/Item.aspx?goodscode=901334605,69.06
73,37,최상급 통통생굴 1KG / 지금이 가장 맛있는 무배특가,31900,9900,http://image.gmarket.co.kr/challenge/neo_image/no_image.gif,http://item2.gmarket.co.kr/Item/DetailView/Item.aspx?goodscode=196170364,68.97
74,157,[팬콧키즈]팬콧 유아동 내의(40수후라이스/면스판)2개이상무배,47900,14900,http://image.gmarket.co.kr/challenge/neo_image/no_image.gif,http://item2.gmarket.co.kr/Item/DetailView/Item.aspx?goodscode=1137655802,68.89
75,22,{니트모아} 전체균일가 / 봄신상니트가디건,18900,5900,http://image.gmarket.co.kr/challenge/neo_image/no_image.gif,http://item2.gmarket.co.kr/Item/DetailView/Item.aspx?goodscode=576460419,68.78
76,160,[레이디가구]선착순500조 바이오폼 순면매트리스/3단접이식매트,114000,35900,http://image.gmarket.co.kr/challenge/neo_image/no_image.gif,http://item2.gmarket.co.kr/Item/DetailView/Item.aspx?goodscode=1103753660,68.51
77,24,제로스킨 아이폰 갤럭시 핸드폰케이스 6 7 8 X S 노트,25000,7900,http://image.gmarket.co.kr/challenge/neo_image/no_image.gif,http://item2.gmarket.co.kr/Item/DetailView/Item.aspx?goodscode=1242774302,68.4
78,119,[MF매직하우스]알라딘매직행거30개 고리회전 논슬립옷걸이 바지걸이,27900,8900,http://image.gmarket.co.kr/challenge/neo_image/no_image.gif,http://item2.gmarket.co.kr/Item/DetailView/Item.aspx?goodscode=233505948,68.1
79,129,노와이어브라팬티/A~C컵균일가/여성속옷세트/여자속옷,27900,8900,http://image.gmarket.co.kr/challenge/neo_image/no_image.gif,http://item2.gmarket.co.kr/Item/DetailView/Item.aspx?goodscode=1199151155,68.1
80,7,핸드폰/갤럭시S8/S7/S6/엣지/노트8/5/4/V30/아이폰X/+,12000,3900,http://gdimg.gmarket.co.kr/225532316/still/300,http://item2.gmarket.co.kr/Item/DetailView/Item.aspx?goodscode=225532316,67.5
81,66,21세기 킥보드 탈부착식 접이식/21st scooter 킥보드,59800,19800,http://image.gmarket.co.kr/challenge/neo_image/no_image.gif,http://item2.gmarket.co.kr/Item/DetailView/Item.aspx?goodscode=894621297,66.89
82,3,헤드앤숄더 샴푸/린스 850ml 2개 + 90ml 2개,45000,15000,http://gdimg.gmarket.co.kr/933865243/still/300,http://item2.gmarket.co.kr/Item/DetailView/Item.aspx?goodscode=933865243,66.67
83,99,퓨어스펙 고당도 네이블 오렌지 15과 중소과,25000,8900,http://image.gmarket.co.kr/challenge/neo_image/no_image.gif,http://item2.gmarket.co.kr/Item/DetailView/Item.aspx?goodscode=785840506,64.4
84,41,[에비수]에비수 남녀 맨투맨/티셔츠/코트/청바지/데님/팬츠,39000,13900,http://image.gmarket.co.kr/challenge/neo_image/no_image.gif,http://item2.gmarket.co.kr/Item/DetailView/Item.aspx?goodscode=1267332458,64.36
85,51,테이프크리너 핸들+리필7개/돌돌이/찍찍이/청소용품,24900,8900,http://image.gmarket.co.kr/challenge/neo_image/no_image.gif,http://item2.gmarket.co.kr/Item/DetailView/Item.aspx?goodscode=331991312,64.26
86,153,[MF매직하우스]MF 윈도우 커버 옷장/비키니 옷장 옷걸이 행거 조립식,69900,25900,http://image.gmarket.co.kr/challenge/neo_image/no_image.gif,http://item2.gmarket.co.kr/Item/DetailView/Item.aspx?goodscode=954867625,62.95
87,20,[아디다스]아디다스 에스트로 저지 티셔츠 팬츠 모음,39000,14500,http://image.gmarket.co.kr/challenge/neo_image/no_image.gif,http://item2.gmarket.co.kr/Item/DetailView/Item.aspx?goodscode=754853500,62.82
88,72,[아키클래식]민효린X아키클래식 운동화 신발 스니커즈 런닝화,79900,29900,http://image.gmarket.co.kr/challenge/neo_image/no_image.gif,http://item2.gmarket.co.kr/Item/DetailView/Item.aspx?goodscode=122538424,62.58
89,175,[미쟝센]미쟝센 퍼펙트 세럼/핑크세럼 1+1(증정),26000,9900,http://image.gmarket.co.kr/challenge/neo_image/no_image.gif,http://item2.gmarket.co.kr/Item/DetailView/Item.aspx?goodscode=702615940,61.92
90,81,[미쟝센]미쟝센 헬로버블/퍼펙트컬러 2개 (24종 택1),26000,9900,http://image.gmarket.co.kr/challenge/neo_image/no_image.gif,http://item2.gmarket.co.kr/Item/DetailView/Item.aspx?goodscode=699501445,61.92
91,8,오늘부터꼬옥 한알로 간편하게 풋사과 분말 정 1+1,25900,9900,http://image.gmarket.co.kr/challenge/neo_image/no_image.gif,http://item2.gmarket.co.kr/Item/DetailView/Item.aspx?goodscode=1246722197,61.78
92,131,[해피바스]해피바스 바디워시 900g 3개 (50종 택1),33000,12900,http://image.gmarket.co.kr/challenge/neo_image/no_image.gif,http://item2.gmarket.co.kr/Item/DetailView/Item.aspx?goodscode=707459671,60.91
93,5,맛보면 단골/ 탱글탱글 대저토마토 5kg,30000,11900,http://gdimg.gmarket.co.kr/1271633209/still/300,http://item2.gmarket.co.kr/Item/DetailView/Item.aspx?goodscode=1271633209,60.33
94,17,스키니랩 풋사과 다이어트 풋사과분말 특별할인 2박스,50000,19900,http://image.gmarket.co.kr/challenge/neo_image/no_image.gif,http://item2.gmarket.co.kr/Item/DetailView/Item.aspx?goodscode=1182363282,60.2
95,108,[옵티프리]옵티프리 익스프레스 355mlx3개/렌즈세척액/세정액,39800,15900,http://image.gmarket.co.kr/challenge/neo_image/no_image.gif,http://item2.gmarket.co.kr/Item/DetailView/Item.aspx?goodscode=1145753975,60.05
96,107,양말사은품 민효린 요가복 스포츠레깅스 헬스복,49000,19800,http://image.gmarket.co.kr/challenge/neo_image/no_image.gif,http://item2.gmarket.co.kr/Item/DetailView/Item.aspx?goodscode=731813765,59.59
97,34,[안다르]안다르/요가복/레깅스/액티브웨어/50종,38000,15500,http://image.gmarket.co.kr/challenge/neo_image/no_image.gif,http://item2.gmarket.co.kr/Item/DetailView/Item.aspx?goodscode=1112839913,59.21
98,197,[푸고]푸고 NEW 신형 빨대컵 BS535K 보냉컵/텀블러/리필,46000,19000,http://image.gmarket.co.kr/challenge/neo_image/no_image.gif,http://item2.gmarket.co.kr/Item/DetailView/Item.aspx?goodscode=827414561,58.7
99,114,[오랄비]오랄비 유아칫솔 스테이지스 8입 + 신학기종합장 증정,35900,15000,http://image.gmarket.co.kr/challenge/neo_image/no_image.gif,http://item2.gmarket.co.kr/Item/DetailView/Item.aspx?goodscode=619500342,58.22
100,23,[몽드드]아기물티슈 오리지널 엠보싱 12팩+키친타올 증정,25900,10900,http://image.gmarket.co.kr/challenge/neo_image/no_image.gif,http://item2.gmarket.co.kr/Item/DetailView/Item.aspx?goodscode=877505202,57.92
101,9,블랙앵거스 탑초이스 냉장 소갈비살 350g,22900,9900,http://image.gmarket.co.kr/challenge/neo_image/no_image.gif,http://item2.gmarket.co.kr/Item/DetailView/Item.aspx?goodscode=690801688,56.77
102,128,현미 5kg/백미5kg/찹쌀/찰흑미,26500,11500,http://image.gmarket.co.kr/challenge/neo_image/no_image.gif,http://item2.gmarket.co.kr/Item/DetailView/Item.aspx?goodscode=165739792,56.6
103,75,베베맘마 아기 물티슈 100매 X 20팩 리필형,26800,11800,http://image.gmarket.co.kr/challenge/neo_image/no_image.gif,http://item2.gmarket.co.kr/Item/DetailView/Item.aspx?goodscode=1197687391,55.97
104,70,[스위트하트]무소음벽시계 파우더리 외 특가할인 모음,20000,8900,http://image.gmarket.co.kr/challenge/neo_image/no_image.gif,http://item2.gmarket.co.kr/Item/DetailView/Item.aspx?goodscode=751560692,55.5
105,25,[아벤느](본사 공식)오떼르말 1+1 외 BEST ITEM 단독특가,34000,15300,http://image.gmarket.co.kr/challenge/neo_image/no_image.gif,http://item2.gmarket.co.kr/Item/DetailView/Item.aspx?goodscode=747142481,55.0
106,68,[까페리얼]쿠폰가7500 쟈뎅 아메리카노190ml 20팩+증정컵/커피,20000,9000,http://image.gmarket.co.kr/challenge/neo_image/no_image.gif,http://item2.gmarket.co.kr/Item/DetailView/Item.aspx?goodscode=929958947,55.0
107,61,럭스골프 초경량 덕다운 슬림핏 패딩점퍼 MS7W809,43900,19900,http://image.gmarket.co.kr/challenge/neo_image/no_image.gif,http://item2.gmarket.co.kr/Item/DetailView/Item.aspx?goodscode=1205430487,54.67
108,11,[디즈니]1+1 아동실내화 어린이 초등학생 신학기 유아 초등 봄,12900,5900,http://image.gmarket.co.kr/challenge/neo_image/no_image.gif,http://item2.gmarket.co.kr/Item/DetailView/Item.aspx?goodscode=171114450,54.26
109,46,[다우니]다우니 퍼퓸 섬유유연제 2L 2개 + 200ml 4개,39000,17900,http://image.gmarket.co.kr/challenge/neo_image/no_image.gif,http://item2.gmarket.co.kr/Item/DetailView/Item.aspx?goodscode=253378390,54.1
110,118,[엠플러스캠프]캠핑폴딩테이블 캠핑테이블 캠핌용품 테이블 특가,30000,13900,http://image.gmarket.co.kr/challenge/neo_image/no_image.gif,http://item2.gmarket.co.kr/Item/DetailView/Item.aspx?goodscode=1218675184,53.67
111,186,암막커튼 1+1/거실커튼/창문커튼/커텐/방풍/방한커튼,23000,10900,http://image.gmarket.co.kr/challenge/neo_image/no_image.gif,http://item2.gmarket.co.kr/Item/DetailView/Item.aspx?goodscode=402673617,52.61
112,16,[세타필]-역대급 초특가- 세타필 2+1 초대박 프로모션,58500,27900,http://image.gmarket.co.kr/challenge/neo_image/no_image.gif,http://item2.gmarket.co.kr/Item/DetailView/Item.aspx?goodscode=711284741,52.31
113,173,호텔수건/30수150g10장/ 40수수건200g /샤워가운/타올,45000,21900,http://image.gmarket.co.kr/challenge/neo_image/no_image.gif,http://item2.gmarket.co.kr/Item/DetailView/Item.aspx?goodscode=724769612,51.33
114,155,[위스퍼]위스퍼 코스모 생리대 3팩 골라담기+카드달력,42900,20900,http://image.gmarket.co.kr/challenge/neo_image/no_image.gif,http://item2.gmarket.co.kr/Item/DetailView/Item.aspx?goodscode=476300815,51.28
115,151,1+1 아동실내화 유아 어린이 덧신 초등 학생 신학기,9900,4900,http://image.gmarket.co.kr/challenge/neo_image/no_image.gif,http://item2.gmarket.co.kr/Item/DetailView/Item.aspx?goodscode=157772532,50.51
116,168,[나이키]에어맥스 모션 라이트웨이트 833260-010 남성,99000,49100,http://image.gmarket.co.kr/challenge/neo_image/no_image.gif,http://item2.gmarket.co.kr/Item/DetailView/Item.aspx?goodscode=1221115882,50.4
117,136,[시크릿데이](다이어리or세안밴드) 센스 중형6팩+2P 8900원/생리대,21900,10900,http://image.gmarket.co.kr/challenge/neo_image/no_image.gif,http://item2.gmarket.co.kr/Item/DetailView/Item.aspx?goodscode=721152264,50.23
118,90,[시크릿데이](세안밴드or다이어리) 러브 생리대 9팩/2건시 3팩 더,21900,10900,http://image.gmarket.co.kr/challenge/neo_image/no_image.gif,http://item2.gmarket.co.kr/Item/DetailView/Item.aspx?goodscode=291472256,50.23
119,53,[필립스]PHILIPS 소닉케어 어린이용 음파칫솔 HX6311/07,80000,39900,http://image.gmarket.co.kr/challenge/neo_image/no_image.gif,http://item2.gmarket.co.kr/Item/DetailView/Item.aspx?goodscode=539506091,50.12
120,192,[하기스]신제품 매직기저귀(밴드) 1/2/3/4/5단계 3팩 구성,79900,39900,http://image.gmarket.co.kr/challenge/neo_image/no_image.gif,http://item2.gmarket.co.kr/Item/DetailView/Item.aspx?goodscode=129461120,50.06
121,44,[에뛰드하우스]에뛰드하우스 베스트아이템 기획전 ~50%,20000,10000,http://image.gmarket.co.kr/challenge/neo_image/no_image.gif,http://item2.gmarket.co.kr/Item/DetailView/Item.aspx?goodscode=961506205,50.0
122,65,[피죤]피죤 섬유유연제 3.1L 4개 / 알뜰용량,23800,11900,http://image.gmarket.co.kr/challenge/neo_image/no_image.gif,http://item2.gmarket.co.kr/Item/DetailView/Item.aspx?goodscode=242458687,50.0
123,100,[위스퍼]위스퍼 슈퍼롱 오버나이트 50p 생리대(슈),31000,15900,http://image.gmarket.co.kr/challenge/neo_image/no_image.gif,http://item2.gmarket.co.kr/Item/DetailView/Item.aspx?goodscode=467926169,48.71
124,174,[필립스]PHILIPS 음파 칫솔 더블핸들 패키지 HX6512/02,128000,65900,http://image.gmarket.co.kr/challenge/neo_image/no_image.gif,http://item2.gmarket.co.kr/Item/DetailView/Item.aspx?goodscode=701308320,48.52
125,110,판매1위)태송즉석볶음밥300gx10봉/햇반/육개장,28000,14500,http://image.gmarket.co.kr/challenge/neo_image/no_image.gif,http://item2.gmarket.co.kr/Item/DetailView/Item.aspx?goodscode=825499934,48.21
126,169,[스마트에코]스마트에코물티슈베이직100매리필형X20팩,22900,11900,http://image.gmarket.co.kr/challenge/neo_image/no_image.gif,http://item2.gmarket.co.kr/Item/DetailView/Item.aspx?goodscode=1124177581,48.03
127,84,[크리스찬 오자르]크리스찬 오자르 S/S 남성 셔츠/와이셔츠/남방 특가,19000,9900,http://image.gmarket.co.kr/challenge/neo_image/no_image.gif,http://item2.gmarket.co.kr/Item/DetailView/Item.aspx?goodscode=1260726000,47.89
128,97,아이러브베베물티슈핑크 100매 리필형X20팩,21900,11900,http://image.gmarket.co.kr/challenge/neo_image/no_image.gif,http://item2.gmarket.co.kr/Item/DetailView/Item.aspx?goodscode=1124058049,45.66
129,167,[한샘](오늘이마지막181350원) 사일런나잇 라텍스탑 독립스프링 매트리스 SS/Q/K,360000,198000,http://image.gmarket.co.kr/challenge/neo_image/no_image.gif,http://item2.gmarket.co.kr/Item/DetailView/Item.aspx?goodscode=660679310,45.0
130,180,[롯데제과]가나x워너원기프트세트(장패드+엽서+브마+팬미팅),27000,14900,http://image.gmarket.co.kr/challenge/neo_image/no_image.gif,http://item2.gmarket.co.kr/Item/DetailView/Item.aspx?goodscode=1208685261,44.81
131,130,PHILIPS다이아몬드클린 칫솔모 HX6064/05 화이트4개입,43000,23900,http://image.gmarket.co.kr/challenge/neo_image/no_image.gif,http://item2.gmarket.co.kr/Item/DetailView/Item.aspx?goodscode=584501127,44.42
132,120,린넨 코튼 패브릭 허리 받침 쿠션 7색상,29900,16900,http://image.gmarket.co.kr/challenge/neo_image/no_image.gif,http://item2.gmarket.co.kr/Item/DetailView/Item.aspx?goodscode=1120513013,43.48
133,60,[녹십자]프로바이오틱스19 김치유산균 30포x6박스 (6개월분),35000,19900,http://image.gmarket.co.kr/challenge/neo_image/no_image.gif,http://item2.gmarket.co.kr/Item/DetailView/Item.aspx?goodscode=831225741,43.14
134,172,무료배송 국내생산 종이컵 2000개 1Box/특별기획상품,25000,14400,http://image.gmarket.co.kr/challenge/neo_image/no_image.gif,http://item2.gmarket.co.kr/Item/DetailView/Item.aspx?goodscode=724874221,42.4
135,138,[아침농산]2017년산 햅쌀 현미10kg/백미/찰현미/찹쌀/귀리,35900,20900,http://image.gmarket.co.kr/challenge/neo_image/no_image.gif,http://item2.gmarket.co.kr/Item/DetailView/Item.aspx?goodscode=484828506,41.78
136,1,[마미포코]마미포코 360핏 3팩+슬림핏 팬티1팩,59900,34900,http://gdimg.gmarket.co.kr/127195332/still/300,http://item2.gmarket.co.kr/Item/DetailView/Item.aspx?goodscode=127195332,41.74
137,35,가나초코우유 200mlx24팩/딸기우유/바나나우유/멸균,15000,8900,http://image.gmarket.co.kr/challenge/neo_image/no_image.gif,http://item2.gmarket.co.kr/Item/DetailView/Item.aspx?goodscode=1188499418,40.67
138,26,[다우니]다우니 고농축 섬유유연제 1L 3개 / 퍼퓸 세탁세제,20000,11900,http://image.gmarket.co.kr/challenge/neo_image/no_image.gif,http://item2.gmarket.co.kr/Item/DetailView/Item.aspx?goodscode=488020179,40.5
139,85,볼륨앤소프트 천연펄프 화장지 30롤 3팩,30000,17900,http://image.gmarket.co.kr/challenge/neo_image/no_image.gif,http://item2.gmarket.co.kr/Item/DetailView/Item.aspx?goodscode=1175174413,40.33
140,74,[질레트]질레트 플렉스볼 파워 면도기+8입날+파우치+응원봉,62800,37900,http://image.gmarket.co.kr/challenge/neo_image/no_image.gif,http://item2.gmarket.co.kr/Item/DetailView/Item.aspx?goodscode=641915768,39.65
141,43,호박고구마 2.5kg (특상/실중량),16000,9900,http://image.gmarket.co.kr/challenge/neo_image/no_image.gif,http://item2.gmarket.co.kr/Item/DetailView/Item.aspx?goodscode=615203357,38.12
142,95,[잘풀리는집]화장지휴지각티슈 깨끗한감동 3겹 30롤 2팩+키친타올1,32000,19900,http://image.gmarket.co.kr/challenge/neo_image/no_image.gif,http://item2.gmarket.co.kr/Item/DetailView/Item.aspx?goodscode=1140801874,37.81
143,134,유기농 아로니아 분말 100g+100g 파우더/사은품 증정,15900,9900,http://image.gmarket.co.kr/challenge/neo_image/no_image.gif,http://item2.gmarket.co.kr/Item/DetailView/Item.aspx?goodscode=923605703,37.74
144,49,[코디]코디 허브가든 3겹 27M 30롤 3팩(90롤)/화장지 휴지 TM,39900,24900,http://image.gmarket.co.kr/challenge/neo_image/no_image.gif,http://item2.gmarket.co.kr/Item/DetailView/Item.aspx?goodscode=1123468786,37.59
145,57,서울우유200mlx24입/멸균우유/흰/딸기/초코/우유,20000,12800,http://image.gmarket.co.kr/challenge/neo_image/no_image.gif,http://item2.gmarket.co.kr/Item/DetailView/Item.aspx?goodscode=212412151,36.0
146,67,[하기스매직팬티]하기스 매직팬티 기저귀 3/4/5/6단계,69900,44900,http://image.gmarket.co.kr/challenge/neo_image/no_image.gif,http://item2.gmarket.co.kr/Item/DetailView/Item.aspx?goodscode=702627715,35.77
147,184,[도리도리]도리도리 아기 물티슈 100매 캡형20팩,19900,12900,http://image.gmarket.co.kr/challenge/neo_image/no_image.gif,http://item2.gmarket.co.kr/Item/DetailView/Item.aspx?goodscode=663487898,35.18
148,86,(5%추가할인/당일사용불가) 2018 전국 키자니아 상반기 얼리버드 (3월 9일~7월 19일까지 사용),36000,23400,http://image.gmarket.co.kr/challenge/neo_image/no_image.gif,http://item2.gmarket.co.kr/Item/DetailView/Item.aspx?goodscode=1260797449,35.0
149,76,[천호식품]흑염소한마리 흑염소엑기스 자사판매1위 100ml x 60팩,143000,99000,http://image.gmarket.co.kr/challenge/neo_image/no_image.gif,http://item2.gmarket.co.kr/Item/DetailView/Item.aspx?goodscode=1209135132,30.77
150,183,(G마켓이간다) 영암 꿀달고구마 3kg(긴특긴상),20000,13900,http://image.gmarket.co.kr/challenge/neo_image/no_image.gif,http://item2.gmarket.co.kr/Item/DetailView/Item.aspx?goodscode=186675970,30.5
151,125,[한샘](오늘이마지막64080원) 샘 책장 5단 120cm외 베스트셀러 모음,99000,68900,http://image.gmarket.co.kr/challenge/neo_image/no_image.gif,http://item2.gmarket.co.kr/Item/DetailView/Item.aspx?goodscode=335395069,30.4
152,116,[페브리즈]페브리즈 에어 공기탈취제 275g 3개,17900,12500,http://image.gmarket.co.kr/challenge/neo_image/no_image.gif,http://item2.gmarket.co.kr/Item/DetailView/Item.aspx?goodscode=217160875,30.17
153,109,건강티 4종 골라담기 히비스커스 작두콩차 도라지차,15600,10900,http://image.gmarket.co.kr/challenge/neo_image/no_image.gif,http://item2.gmarket.co.kr/Item/DetailView/Item.aspx?goodscode=1252821979,30.13
154,199,[한율]한율 서리태 새결 크림 기획세트,50000,35000,http://image.gmarket.co.kr/challenge/neo_image/no_image.gif,http://item2.gmarket.co.kr/Item/DetailView/Item.aspx?goodscode=1112675196,30.0
155,135,(최고급)프리미엄줄눈/판매1위/재구매율1위/선호도1위,9700,6900,http://image.gmarket.co.kr/challenge/neo_image/no_image.gif,http://item2.gmarket.co.kr/Item/DetailView/Item.aspx?goodscode=530240601,28.87
156,171,[맥심](할인가28900원)모카/화이트 340T/320T/커피믹스/커피,44800,31900,http://image.gmarket.co.kr/challenge/neo_image/no_image.gif,http://item2.gmarket.co.kr/Item/DetailView/Item.aspx?goodscode=152472765,28.79
157,191,[맥심]할인가31900원/화이트320T/맥심340T/커피믹스/커피,44800,31900,http://image.gmarket.co.kr/challenge/neo_image/no_image.gif,http://item2.gmarket.co.kr/Item/DetailView/Item.aspx?goodscode=271745199,28.79
158,143,[락포트](신세계강남점)[락포트]스타일로 완성된 편안함 남.여 BEST 24,90000,64580,http://image.gmarket.co.kr/challenge/neo_image/no_image.gif,http://item2.gmarket.co.kr/Item/DetailView/Item.aspx?goodscode=1231950697,28.24
159,56,[비트]비트 액체세제 2L 4개 + 300g 증정,22000,15900,http://image.gmarket.co.kr/challenge/neo_image/no_image.gif,http://item2.gmarket.co.kr/Item/DetailView/Item.aspx?goodscode=816426425,27.73
160,38,네이처 미국산 A그레이드 냉동 블루베리1kg 한정특가,8000,5900,http://image.gmarket.co.kr/challenge/neo_image/no_image.gif,http://item2.gmarket.co.kr/Item/DetailView/Item.aspx?goodscode=724935742,26.25
161,126,2017년산 햅쌀 황금미가 20kg/10kg,57900,42900,http://image.gmarket.co.kr/challenge/neo_image/no_image.gif,http://item2.gmarket.co.kr/Item/DetailView/Item.aspx?goodscode=858294811,25.91
162,29,[베베숲]브랜드 딜 특가_아기물티슈 프리미어 70매 20팩,37800,28400,http://image.gmarket.co.kr/challenge/neo_image/no_image.gif,http://item2.gmarket.co.kr/Item/DetailView/Item.aspx?goodscode=736068670,24.87
163,158,[한샘](최대혜택가122670원) 샘키즈 수납장 1305 블라썸/모던/스칸디 모음,179000,134900,http://image.gmarket.co.kr/challenge/neo_image/no_image.gif,http://item2.gmarket.co.kr/Item/DetailView/Item.aspx?goodscode=987912984,24.64
164,123,[쉬즈홈]국내산 유아 낮잠이불(분리형) /어린이집/아기요/이불,24900,18900,http://image.gmarket.co.kr/challenge/neo_image/no_image.gif,http://item2.gmarket.co.kr/Item/DetailView/Item.aspx?goodscode=771737531,24.1
165,13,20종~모두드려요/방수네임스티커/이름스티커/이름표,5900,4500,http://image.gmarket.co.kr/challenge/neo_image/no_image.gif,http://item2.gmarket.co.kr/Item/DetailView/Item.aspx?goodscode=1259719934,23.73
166,179,가방 백팩 학생가방 책가방 여성백팩 여성가방 신학기,34800,26800,http://image.gmarket.co.kr/challenge/neo_image/no_image.gif,http://item2.gmarket.co.kr/Item/DetailView/Item.aspx?goodscode=112146571,22.99
167,170,[엘라]전문가용 2000W 음이온 헤어 드라이기 EPD-2011,21900,16900,http://image.gmarket.co.kr/challenge/neo_image/no_image.gif,http://item2.gmarket.co.kr/Item/DetailView/Item.aspx?goodscode=665088693,22.83
168,177,신상품 라네즈 레이어링 커버 쿠션(14g+2.5g),32000,25000,http://image.gmarket.co.kr/challenge/neo_image/no_image.gif,http://item2.gmarket.co.kr/Item/DetailView/Item.aspx?goodscode=703502392,21.88
169,28,사차인치 500g x 2개 18년 2월 입고제품,35000,27900,http://image.gmarket.co.kr/challenge/neo_image/no_image.gif,http://item2.gmarket.co.kr/Item/DetailView/Item.aspx?goodscode=1112817952,20.29
170,166,카카오프렌즈 고속 급속 차량용 배터리 충전기 케이블,9900,7900,http://image.gmarket.co.kr/challenge/neo_image/no_image.gif,http://item2.gmarket.co.kr/Item/DetailView/Item.aspx?goodscode=395111997,20.2
171,45,[폴햄]공용_남 여데님 11종택1(PHX1DP1002 1036 3DP1002 1012 1036 1051 1DP2024 2034 3DP2004 DP2014)/ 폴햄,17000,13990,http://image.gmarket.co.kr/challenge/neo_image/no_image.gif,http://item2.gmarket.co.kr/Item/DetailView/Item.aspx?goodscode=1267393566,17.71
172,12,비프렌드 체인지업 커스텀 LED 기계식 키보드,30000,24900,http://image.gmarket.co.kr/challenge/neo_image/no_image.gif,http://item2.gmarket.co.kr/Item/DetailView/Item.aspx?goodscode=839106963,17.0
173,145,프레시지 밀푀유나베 (2인분),17800,14800,http://image.gmarket.co.kr/challenge/neo_image/no_image.gif,http://item2.gmarket.co.kr/Item/DetailView/Item.aspx?goodscode=1189107440,16.85
174,102,피지오겔 베스트 8종 3일 이내 책임배송,12900,10800,http://image.gmarket.co.kr/challenge/neo_image/no_image.gif,http://item2.gmarket.co.kr/Item/DetailView/Item.aspx?goodscode=578012320,16.28
175,190,[네슬레]네슬레 퓨어라이프 2Lx12/500mlx20/330mlx20/생수/물,8200,6900,http://image.gmarket.co.kr/challenge/neo_image/no_image.gif,http://item2.gmarket.co.kr/Item/DetailView/Item.aspx?goodscode=217438578,15.85
176,73,[대우]대우 에어프라이어 블랙 공기튀김기 포토상품평이벤트,64900,56900,http://image.gmarket.co.kr/challenge/neo_image/no_image.gif,http://item2.gmarket.co.kr/Item/DetailView/Item.aspx?goodscode=880695639,12.33
177,181,[정샘물]정샘물 스킨 누더 쿠션(본품1+리필1)+ 에센셜 틴티드 립 글로우 정품 증정/ 정샘물(화장품),42000,36960,http://image.gmarket.co.kr/challenge/neo_image/no_image.gif,http://item2.gmarket.co.kr/Item/DetailView/Item.aspx?goodscode=1226043532,12.0
178,83,[오뚜기]맛있는 오뚜기밥 210g 24개 + 중화누룽지탕 190g 증정,20900,18500,http://image.gmarket.co.kr/challenge/neo_image/no_image.gif,http://item2.gmarket.co.kr/Item/DetailView/Item.aspx?goodscode=857522580,11.48
179,18,[시세이도]본사정품 센카 퍼펙트 휩 N 120g 3개/ 시세이도,20000,18000,http://image.gmarket.co.kr/challenge/neo_image/no_image.gif,http://item2.gmarket.co.kr/Item/DetailView/Item.aspx?goodscode=1162502575,10.0
180,141,[설화수](APM) 설화수 옥용팩 / 여윤팩 外 (택1),42000,37800,http://image.gmarket.co.kr/challenge/neo_image/no_image.gif,http://item2.gmarket.co.kr/Item/DetailView/Item.aspx?goodscode=856541055,10.0
181,156,[퍼실](현대홈쇼핑)NEW 퍼실 듀오캡스 라벤더 최신상품,77700,69930,http://image.gmarket.co.kr/challenge/neo_image/no_image.gif,http://item2.gmarket.co.kr/Item/DetailView/Item.aspx?goodscode=1107304254,10.0
182,185,[투썸플레이스](투썸플레이스) 스트로베리생크림케이크,29000,26390,http://image.gmarket.co.kr/challenge/neo_image/no_image.gif,http://item2.gmarket.co.kr/Item/DetailView/Item.aspx?goodscode=986999816,9.0
183,47,스파클생수 2L x 18병 /무료배송,9600,8800,http://image.gmarket.co.kr/challenge/neo_image/no_image.gif,http://item2.gmarket.co.kr/Item/DetailView/Item.aspx?goodscode=1256932695,8.33
184,176,[싸이킹]LG 슈퍼 싸이킹III 주니어 진공청소기 K73SG,182680,169900,http://image.gmarket.co.kr/challenge/neo_image/no_image.gif,http://item2.gmarket.co.kr/Item/DetailView/Item.aspx?goodscode=887478466,7.0
185,48,17년 햅쌀 임실농협 행복드림 쌀 20kg / 당일도정,44990,41990,http://image.gmarket.co.kr/challenge/neo_image/no_image.gif,http://item2.gmarket.co.kr/Item/DetailView/Item.aspx?goodscode=1115256902,6.67
186,195,[고려은단]고려은단 비타민C 1000 720정 / 본사직영,48000,45000,http://image.gmarket.co.kr/challenge/neo_image/no_image.gif,http://item2.gmarket.co.kr/Item/DetailView/Item.aspx?goodscode=856611550,6.25
187,133,[메디큐브][MEDICUBE] 메디큐브 딥 이레이징 크림 4단지 + 콜라겐 기초 2종 + 히아루로닉,89000,89000,http://image.gmarket.co.kr/challenge/neo_image/no_image.gif,http://item2.gmarket.co.kr/Item/DetailView/Item.aspx?goodscode=1272212493,0.0
188,132,[프로스펙스]로드런 마라톤 런닝화 블랙/화이트 남녀공용 18년출시,39000,39000,http://image.gmarket.co.kr/challenge/neo_image/no_image.gif,http://item2.gmarket.co.kr/Item/DetailView/Item.aspx?goodscode=1234601294,0.0
189,193,(대박선물)EBS 만점왕세트 만점왕 3-1 4-1 5-1 6-1 백점맞는시리즈 (2018),32850,32850,http://image.gmarket.co.kr/challenge/neo_image/no_image.gif,http://item2.gmarket.co.kr/Item/DetailView/Item.aspx?goodscode=754038841,0.0
190,54,[하림]하림 춘천 닭갈비 300gX3봉 + 떡200g 증정,11000,11000,http://image.gmarket.co.kr/challenge/neo_image/no_image.gif,http://item2.gmarket.co.kr/Item/DetailView/Item.aspx?goodscode=1256157662,0.0
191,89,통영 봄 쭈꾸미 외 제철 해산물 특가 (사은품 증정),9900,9900,http://image.gmarket.co.kr/challenge/neo_image/no_image.gif,http://item2.gmarket.co.kr/Item/DetailView/Item.aspx?goodscode=1176995295,0.0
192,104,페루산 사차인치 300g/600g 로스팅 잉카피넛 스타씨드,21800,21800,http://image.gmarket.co.kr/challenge/neo_image/no_image.gif,http://item2.gmarket.co.kr/Item/DetailView/Item.aspx?goodscode=929205222,0.0
193,40,(혜택가 32900원)2018년 1학기 EBS 초등 만점왕 전과목 세트 3~6,47000,47000,http://image.gmarket.co.kr/challenge/neo_image/no_image.gif,http://item2.gmarket.co.kr/Item/DetailView/Item.aspx?goodscode=458524968,0.0
194,144,콩비지 분말(국산) 모음 콩 비지 차 가루 선식 요리,18500,18500,http://image.gmarket.co.kr/challenge/neo_image/no_image.gif,http://item2.gmarket.co.kr/Item/DetailView/Item.aspx?goodscode=955390073,0.0
195,88,[스파오][스파오] 인기 경량베스트 6종 할인,29900,29900,http://image.gmarket.co.kr/challenge/neo_image/no_image.gif,http://item2.gmarket.co.kr/Item/DetailView/Item.aspx?goodscode=1261739744,0.0
196,148,(혜택가 26400원) 우등생해법 2018년 1학기 세트 (학년별 선택구매),44000,44000,http://image.gmarket.co.kr/challenge/neo_image/no_image.gif,http://item2.gmarket.co.kr/Item/DetailView/Item.aspx?goodscode=741452663,0.0
197,63,[미쏘시크릿]미쏘시크릿 M 전상품 900원 1800원 브라팬티 홈웨어,900,900,http://image.gmarket.co.kr/challenge/neo_image/no_image.gif,http://item2.gmarket.co.kr/Item/DetailView/Item.aspx?goodscode=1266566059,0.0
198,161,[듀오백]듀오백 듀오키즈 밀키 DK-218DSG/듀얼린더/아동의자,109900,109900,http://image.gmarket.co.kr/challenge/neo_image/no_image.gif,http://item2.gmarket.co.kr/Item/DetailView/Item.aspx?goodscode=900598154,0.0
199,162,[아디다스오리지널스](아디다스본사)17FW 베스트 상품,44500,44500,http://image.gmarket.co.kr/challenge/neo_image/no_image.gif,http://item2.gmarket.co.kr/Item/DetailView/Item.aspx?goodscode=1268222758,0.0
